﻿<?xml version="1.0"?>
<slike>
	<slika id="1">
		<tag>"slikeIndex/sliketina1.jpg"</tag>
		<alt>alt="Slika teretane"/></alt>
	</slika>
	
	<slika id="2">
		<tag>"slikeIndex/sliketina2.jpg"</tag>
		<alt>alt="Slika teretane2"/></alt>
	</slika>
	
	<slika>
		<tag>"slikeIndex/sliketina3.jpg"</tag>
		<id>id="3"</id>
		<alt>alt="Slika teretane3"/></alt>
	</slika>
	
	<slika>
		<tag>"slikeIndex/sliketina6.jpg"</tag>
		<id>id="4"</id>
		<alt>alt="Slika teretane4"/></alt>
	</slika>
	
	<slika>
		<tag>"slikeIndex/sliketina7.png"</tag>
		<id>id="5"</id>
		<alt>alt="Slika teretane5"/></alt>
	</slika>
	
	<slika>
		<tag>"slikeIndex/sliketina8.jpg"</tag>
		<id>id="6"</id>
		<alt>alt="Slika teretane6"</alt>
	</slika>
	
	<slika>
		<tag>"slikeIndex/sliketina9.jpg"</tag>
		<id>id="7"</id>
		<alt>alt="Slika teretane7"</alt>
	</slika>
	
	<slika>
		<tag>"slikeIndex/sliketina10.jpg"</tag>
		<id>id="8"</id>
		<alt>alt="Slika teretane8"</alt>
	</slika>
	
	<slika>
		<tag>"slikeIndex/sliketina11.jpg"</tag>
		<id>id="9"</id>
		<alt>alt="Slika teretane9"</alt>
	</slika>
	
	<slika>
		<tag>"slikeIndex/sliketina12.jpg"</tag>
		<id>id="10"</id>
		<alt>alt="Slika teretane10"</alt>
	</slika>
	
	<slika>
		<tag>"slikeIndex/sliketina13.jpg"</tag>
		<id>id="11"</id>
		<alt>alt="Slika teretane11"</alt>
	</slika>
	
	<slika>
		<tag>"slikeIndex/sliketina14.jpg"</tag>
		<id>id="12"</id>
		<alt>alt="Slika teretane12"</alt>
	</slika>
	<slika>
		<tag>"slikeIndex/sliketina15.jpg"</tag>
		<id>id="13"</id>
		<alt>alt="Slika teretane13"</alt>
	</slika>
	
	<slika>
		<tag>"slikeIndex/sliketina16.jpg"</tag>
		<id>id="14"</id>
		<alt>alt="Slika teretane14"</alt>
	</slika>
	
	<slika>
		<tag>"slikeIndex/sliketina17.jpg"</tag>
		<id>id="15"</id>
		<alt>alt="Slika teretane15"</alt>
	</slika>
	
</slike>