﻿<?xml version="1.0" encoding="utf-8"?>
<?xml-stylesheet type="text/xsl" href="rss.xsl"?>
<rss version="2.0">
<channel>
	<item>
		<title>Yezdimyr</title>
		<description>Dodali smonov sadrzaj  o Sajtu Witcher</description>
		<link>link</link>
	</item>
		<item>
			<title>Witche 1</title>
			<description>Know everything about game of the Year  Witcher 1</description>
			<link>link</link>
		</item>
		<item>
			<title>Wicher 2</title>
			<description>
				Expirience all new kind of adventure through GameSpot rewarder Witcher2
			</description>
			<link>link</link>
		</item>
		<item>
			<title>Witcher 3</title>
			<description>
			Prepare for endless journey thorugh enormous world of Witcher 3
			</description>
			<link>link</link>
		</item>
</channel>
</rss>