﻿<?xml version="1.0"?>
<oprema>
	<sprava id="1">
		<ime>leptir za grudi</ime>
		<model>RP-02</model>
		<datum>21.03.2013</datum>
		<cena>1.290 EUR</cena>
	</sprava>
	<sprava  id="2">
		<ime>kros masina</ime>
		<model>RP-05</model>
		<datum>1.07.2013</datum>
		<cena>1.590 EUR</cena>
	</sprava>
	<sprava  id="3">
		<ime>kontra kosi</ime>
		<model>RP-24</model>
		<datum>25.06.2014</datum>
		<cena>2.190 EUR</cena>
	</sprava>
	<sprava  id="4">
		<ime>lat masina</ime>
		<model>RP-12</model>
		<datum>21.10.2012</datum>
		<cena>1.990 EUR</cena>
	</sprava>
	<sprava  id="5">
		<ime>nozna extenzija</ime>
		<model>RP-14</model>
		<datum>15.04.2013</datum>
		<cena>1.690 EUR</cena>
	</sprava>
	<sprava  id="6">
		<ime>masina za biceps</ime>
		<model>RP-06</model>
		<datum>21.12.2014</datum>
		<cena>1.700 EUR</cena>
	</sprava>
	<sprava  id="7">
		<ime>merac telesne masti</ime>
		<model>RX-JS-203</model>
		<datum>21.03.2013</datum>
		<cena>5.290 DIN</cena>
	</sprava>
	<sprava  id="8">
		<ime>multi hip masina</ime>
		<model>RP-16</model>
		<datum>11.07.2013</datum>
		<cena>1.790 EUR</cena>
	</sprava>
	<sprava  id="9">
		<ime>dzak za boks</ime>
		<model>GG-01</model>
		<datum>16.03.2014</datum>
		<cena>6.290 DIN</cena>
	</sprava>
	<sprava  id="10">
		<ime>profesionalna traka za trcanje</ime>
		<model>RP-TECHNO</model>
		<datum>21.03.2014</datum>
		<cena>2.290 EUR</cena>
	</sprava>
	<sprava  id="11">
		<ime>bicikl sobni</ime>
		<model>RP-FORCE</model>
		<datum>21.03.2013</datum>
		<cena>890 EUR</cena>
	</sprava>
	<sprava  id="12">
		<ime>rukavice za boks zenske</ime>
		<model>GG-02</model>
		<datum>21.03.2013</datum>
		<cena>3.290 DIN</cena>
	</sprava>
	<sprava  id="13">
		<ime>rukavice za dzak</ime>
		<model>Ring-02</model>
		<datum>13.03.2013</datum>
		<cena>2.490 DIN</cena>
	</sprava>
	<sprava  id="14">
		<ime>set bucica neopren</ime>
		<model>RX-DB21</model>
		<datum>11.05.2014</datum>
		<cena>2.290 DIN</cena>
	</sprava>
	<sprava  id="15">
		<ime>tegovi 10kg 2x</ime>
		<model>Relax</model>
		<datum>21.01.2015</datum>
		<cena>4.290 DIN</cena>
	</sprava>
	<sprava  id="16">
		<ime>sklekeri</ime>
		<model>Relax</model>
		<datum>21.03.2014</datum>
		<cena>1.390 DIN</cena>
	</sprava>
	<sprava  id="17">
		<ime>lat masina veslanje</ime>
		<model>RP-12A</model>
		<datum>11.08.2014</datum>
		<cena>1.890 EUR</cena>
	</sprava>
	<sprava  id="18">
		<ime>nosac za tegove dvorucni</ime>
		<model>RP-39</model>
		<datum>14.09.2013</datum>
		<cena>1.690 EUR</cena>
	</sprava>
	<sprava  id="18">
		<ime>sklekeri</ime>
		<model>Relax-02</model>
		<datum>21.03.2014</datum>
		<cena>1.190 DIN</cena>
	</sprava>
	
</oprema>